{
  "train_loss": [
    0.7691483245714433,
    0.46068399795785214,
    0.37619949150612514,
    0.32509628318066097,
    0.28116054482205793,
    0.23176848152058951,
    0.21682218899187403,
    0.187420774769566,
    0.17314851959326796,
    0.15517765305868517
  ],
  "train_acc": [
    71.0094278283485,
    83.82639791937582,
    87.57314694408322,
    89.46684005201561,
    91.16547464239272,
    92.57152145643694,
    93.06729518855657,
    94.13198959687907,
    94.53836150845254,
    95.082899869961
  ],
  "val_loss": [
    0.9904109166326014,
    0.2909305383013214,
    0.5705414331561035,
    2.0231894902617893,
    1.3579590459679196,
    0.20282636224220682,
    0.1207317892181324,
    0.20812191789657772,
    0.15456689255422454,
    0.6414367922397103
  ],
  "val_acc": [
    68.7637161667886,
    90.49012435991222,
    80.17556693489392,
    57.205559619604976,
    73.7381126554499,
    93.56254572055597,
    96.19604974396488,
    94.80614484272128,
    96.12289685442576,
    78.7125091441112
  ]
}