{
  "train_loss": [
    0.45327744899397554,
    0.22474689698343314,
    0.164977667293716,
    0.1552660669089914,
    0.12329934951116577,
    0.12068669658798545,
    0.10689330480808709,
    0.09780905816476351,
    0.08499097648731908,
    0.08701195662552963
  ],
  "train_acc": [
    84.21651495448634,
    92.31957087126138,
    94.23764629388816,
    94.72529258777634,
    95.74934980494149,
    95.85500650195058,
    96.01755526657998,
    96.57022106631989,
    96.99284785435631,
    97.13101430429128
  ],
  "val_loss": [
    1.7153640428248687,
    2.942639406527929,
    0.4714858780050243,
    0.3749312812730877,
    0.9749040414838784,
    0.26368342943887424,
    0.1013577722814193,
    0.21291300678392702,
    0.17218375747754963,
    2.5002982276324905
  ],
  "val_acc": [
    52.52377468910022,
    40.746159473299194,
    83.97951719092904,
    89.10021945866862,
    76.81053401609364,
    92.09948792977323,
    96.6349670811997,
    92.53840526700805,
    94.29407461594734,
    58.30285296269203
  ]
}