{
  "train_loss": [
    1.2500413721342545,
    0.685660145178883,
    0.4688519897867086,
    0.34175714505509375,
    0.2838247005666651,
    0.24318191221150992,
    0.20018875133851724,
    0.20642475211225034,
    0.20058960799898065,
    0.178650432662319
  ],
  "train_acc": [
    50.75585175552666,
    73.52080624187256,
    82.42847854356306,
    87.59752925877763,
    90.2958387516255,
    91.9131989596879,
    93.57119635890767,
    93.33550065019506,
    93.74187256176853,
    94.39206762028608
  ],
  "val_loss": [
    0.9288701665776441,
    0.6156232670527265,
    1.162760909360608,
    0.9956702380260588,
    0.3163917046571702,
    0.8541676799746962,
    0.30037859080041857,
    1.1717949301636645,
    0.35647021468399037,
    0.28659959642138894
  ],
  "val_acc": [
    65.83760058522313,
    76.59107534747622,
    63.27724945135332,
    72.71397220190198,
    89.17337234820776,
    77.68836869056328,
    87.19824433065106,
    70.88514996342356,
    87.56400877834675,
    89.4659839063643
  ]
}