{
  "train_loss": [
    0.8100103499520429,
    0.4455132132543854,
    0.3620655071595865,
    0.29680584764449586,
    0.25300145071721664,
    0.24686068009648118,
    0.22505492686266165,
    0.1922253246463942,
    0.18057228142325374,
    0.18107313142486295
  ],
  "train_acc": [
    69.57087126137841,
    84.21651495448634,
    88.25585175552666,
    90.44213263979194,
    91.8888166449935,
    92.2870611183355,
    92.87223667100129,
    93.76625487646294,
    94.36768530559168,
    94.4408322496749
  ],
  "val_loss": [
    2.8309913527468478,
    0.47929361813593363,
    0.5971458053710954,
    0.6030858412395887,
    0.2495658631166055,
    0.3990474453614241,
    0.18448602056625382,
    0.22783657920430328,
    0.24905893421338784,
    0.6158688675118957
  ],
  "val_acc": [
    40.96561814191661,
    85.73518653986832,
    79.07827359180688,
    79.2977322604243,
    91.51426481346013,
    87.2713972201902,
    94.29407461594734,
    92.53840526700805,
    90.41697147037307,
    83.83321141185077
  ]
}