{
  "train_loss": [
    0.9546513326456395,
    0.35965577182596153,
    0.262312676917437,
    0.2105612689713973,
    0.1833921943358854,
    0.16927097761041943,
    0.15097234608370555,
    0.1357931651184711,
    0.12206913079334948,
    0.11795437436730095
  ],
  "train_acc": [
    69.72529258777634,
    89.60500650195058,
    91.62873862158648,
    93.32737321196359,
    94.16449934980494,
    94.49772431729518,
    95.082899869961,
    95.27795838751626,
    95.94440832249674,
    96.12321196358907
  ],
  "val_loss": [
    1.479046331327504,
    0.3504263173186526,
    1.5295966415834321,
    0.2367991615950669,
    0.7338813387658706,
    0.2656289102085856,
    0.14319450271417386,
    0.2157631065388535,
    0.2733001448677331,
    0.16114345118784956
  ],
  "val_acc": [
    51.645940014630575,
    88.0760790051207,
    58.961228968544255,
    91.51426481346013,
    71.7629846378932,
    90.70958302852962,
    95.97659107534747,
    92.46525237746891,
    89.4659839063643,
    95.24506217995611
  ]
}