{
  "train_loss": [
    1.1286038506015534,
    0.5695736508220628,
    0.4262856525624527,
    0.34199408572578927,
    0.3243214788765529,
    0.2788697499370079,
    0.23892980337297962,
    0.23936224025789218,
    0.20317403214495575,
    0.17199924607580752
  ],
  "train_acc": [
    56.461313394018205,
    79.13686605981795,
    84.54161248374513,
    87.74382314694408,
    88.81664499349804,
    90.64531859557867,
    91.97009102730819,
    92.13263979193758,
    93.00227568270482,
    94.148244473342
  ],
  "val_loss": [
    2.7560643220174548,
    0.6308902420087199,
    0.3895908924202546,
    0.34931383003435085,
    1.6161414150260363,
    0.5033812227045086,
    0.22695731089859875,
    0.46224474111175395,
    0.3120691543438178,
    1.0901994009303977
  ],
  "val_acc": [
    41.916605705925384,
    73.1528895391368,
    86.32040965618143,
    86.61302121433798,
    56.181419166057054,
    82.80907095830285,
    92.97732260424286,
    86.32040965618143,
    89.2465252377469,
    70.81199707388441
  ]
}