{
  "train_loss": [
    0.45304333073691366,
    0.209298462760774,
    0.16245336729853918,
    0.13822693449429324,
    0.12239533031095298,
    0.1064607747557957,
    0.0898491817711815,
    0.08628874132591355,
    0.09975231260603828,
    0.07183746641601094
  ],
  "train_acc": [
    83.68010403120937,
    92.86410923276983,
    94.46521456436932,
    95.36736020806242,
    95.75747724317296,
    96.45643693107932,
    96.83842652795839,
    97.00910273081924,
    96.72464239271783,
    97.61053315994799
  ],
  "val_loss": [
    1.3906100471262175,
    0.7049719245222771,
    0.41282754528234716,
    0.8979901462989561,
    1.4254282473558566,
    0.17375221974935162,
    0.2949040705214126,
    2.5970699185425117,
    8.24425128645154,
    0.14233540348441565
  ],
  "val_acc": [
    57.42501828822238,
    81.7117776152158,
    87.2713972201902,
    75.27432333577177,
    65.25237746891001,
    94.36722750548647,
    91.58741770299926,
    55.44989027066569,
    28.675932699341622,
    95.0256035113387
  ]
}