{
  "train_loss": [
    0.8723340623555474,
    0.3437237623299052,
    0.25969107685458054,
    0.20418028328059087,
    0.180816987207249,
    0.16533443725078098,
    0.14384392921671135,
    0.14313599345200392,
    0.12779236407599306,
    0.12360544093873628
  ],
  "train_acc": [
    73.91905071521457,
    90.06014304291287,
    92.01072821846554,
    93.61183355006501,
    94.31892067620285,
    94.78218465539662,
    95.40799739921977,
    95.38361508452536,
    95.65182054616385,
    95.89564369310793
  ],
  "val_loss": [
    0.8045453285769816,
    21.933187364747077,
    0.41515076696741904,
    8.806888737988977,
    0.19195786656998506,
    0.579691549243941,
    0.21910864637991592,
    0.17929625399983007,
    6.574869078794534,
    0.10949435722200035
  ],
  "val_acc": [
    71.47037307973665,
    7.681053401609364,
    86.61302121433798,
    25.457205559619606,
    93.92831016825166,
    80.10241404535479,
    93.12362838332115,
    94.87929773226043,
    41.84345281638625,
    96.12289685442576
  ]
}