{
  "train_loss": [
    0.2762412016882616,
    0.15275564441371556,
    0.12623587176504344,
    0.11195945997328281,
    0.08576911995272445,
    0.0742838324052965,
    0.05993876357504101,
    0.049698184068908254,
    0.0404244733704968,
    0.02974296128308097
  ],
  "train_acc": [
    89.48821405818646,
    94.4149500955617,
    95.26438734338501,
    95.79528562327458,
    96.79337438946698,
    97.57910384370355,
    97.7489912932682,
    98.36483329794011,
    98.70460819706945,
    99.06561902739435
  ],
  "val_loss": [
    0.2609602779036042,
    0.29540639480372916,
    0.11325107361715336,
    0.1674559212095651,
    0.10989347376627402,
    0.10707321516585395,
    0.09191836973734158,
    0.12433230352675254,
    0.10125317551323834,
    0.17656164141959488
  ],
  "val_acc": [
    87.76290630975143,
    84.51242829827916,
    95.02868068833652,
    92.73422562141491,
    95.60229445506691,
    96.17590822179733,
    96.36711281070745,
    95.60229445506691,
    96.36711281070745,
    94.64627151051626
  ]
}