{
  "train_loss": [
    0.3241506551298829,
    0.16703677121102872,
    0.14026528793861973,
    0.12180198610056786,
    0.11602341785890885,
    0.11184829558459633,
    0.08583374685683202,
    0.08292696008331762,
    0.0696171672481163,
    0.06386566733441856
  ],
  "train_acc": [
    85.98428541091528,
    93.75663622849862,
    94.49989382034403,
    95.66787003610109,
    95.79528562327458,
    96.28371204077298,
    96.81461032066257,
    96.96326183903165,
    97.40921639413888,
    97.51539605011679
  ],
  "val_loss": [
    3.860836300749624,
    0.8317133755802424,
    0.1534230860081959,
    0.12233696393597422,
    0.37285106735977114,
    0.1698317834626648,
    0.08244342042086913,
    0.2908860068362256,
    0.07640639097780616,
    0.21442587824670123
  ],
  "val_acc": [
    74.18738049713193,
    77.05544933078394,
    93.49904397705545,
    95.41108986615679,
    82.98279158699809,
    91.58699808795411,
    97.131931166348,
    90.63097514340345,
    96.74952198852772,
    91.96940726577438
  ]
}