{
  "train_loss": [
    0.27959110810450877,
    0.16134935386762114,
    0.1327645919693329,
    0.10962484252078818,
    0.09195681509634421,
    0.07736414486697005,
    0.0644072322204573,
    0.0504316231392104,
    0.03492075239459872,
    0.033557443469952666
  ],
  "train_acc": [
    88.82990019112339,
    94.01146740284561,
    94.98832023784243,
    95.58292631131874,
    96.79337438946698,
    96.98449777022724,
    97.55786791250797,
    98.23741771076662,
    98.70460819706945,
    98.81078785304736
  ],
  "val_loss": [
    0.179946185041568,
    0.29605190680998006,
    0.11938568032266533,
    1.742827073793794,
    0.14317121798347104,
    0.12860738492462193,
    0.1295587523852833,
    0.13246618629385135,
    0.16380994296837492,
    0.14541113017621962
  ],
  "val_acc": [
    94.07265774378585,
    87.38049713193116,
    94.64627151051626,
    38.04971319311664,
    95.41108986615679,
    95.60229445506691,
    95.79349904397706,
    95.21988527724665,
    95.02868068833652,
    94.83747609942638
  ]
}