{
  "train_loss": [
    0.19418574900960284,
    0.11516716929948059,
    0.08876006851037246,
    0.08959226771543603,
    0.08932148595731156,
    0.08210709268442003,
    0.08169765098000262,
    0.06596116171261768,
    0.05674226113877293,
    0.04462144499334921
  ],
  "train_acc": [
    92.22764918241666,
    95.66787003610109,
    96.47483542153323,
    96.87831811424931,
    96.83584625185814,
    96.72966659588023,
    97.30303673816097,
    97.34550860055214,
    97.83393501805054,
    98.32236143554894
  ],
  "val_loss": [
    0.2582785360956739,
    0.14839905927787547,
    0.4834010145176437,
    0.08008140766099238,
    0.11276206485286042,
    0.09378447844495509,
    0.11641214249466847,
    0.11203395539670327,
    0.05691316081602732,
    0.09698575653178514
  ],
  "val_acc": [
    90.82217973231359,
    95.60229445506691,
    91.20458891013385,
    97.131931166348,
    97.131931166348,
    95.98470363288719,
    95.60229445506691,
    97.131931166348,
    97.89674952198853,
    97.131931166348
  ]
}