{
  "train_loss": [
    0.22006246088087292,
    0.12291210872570302,
    0.0945061397833489,
    0.09086859742973381,
    0.09248782559773627,
    0.06496820065955697,
    0.07367821142827409,
    0.054311324574289034,
    0.052078417359352314,
    0.061159881208005744
  ],
  "train_acc": [
    91.038437035464,
    95.24315141218942,
    96.49607135272882,
    96.85708218305372,
    96.72966659588023,
    97.57910384370355,
    97.36674453174771,
    98.02505839881078,
    98.06753026120195,
    98.06753026120195
  ],
  "val_loss": [
    0.136347651040007,
    0.21248413061092733,
    0.09760217019579379,
    0.11781887714546281,
    0.22933399402331667,
    0.10222219698572706,
    0.40416450231526596,
    0.10378518351576296,
    0.12811443158363064,
    0.0803261826929581
  ],
  "val_acc": [
    94.64627151051626,
    92.35181644359464,
    96.5583173996176,
    95.41108986615679,
    91.96940726577438,
    96.94072657743786,
    90.43977055449331,
    96.74952198852772,
    96.17590822179733,
    96.17590822179733
  ]
}