{
  "train_loss": [
    0.27395713442600717,
    0.1496847555196369,
    0.15111621579222173,
    0.11964815644079407,
    0.08926170788757562,
    0.09298779031138786,
    0.08162374043570984,
    0.06387472168531963,
    0.06984282238933028,
    0.055901234688260644
  ],
  "train_acc": [
    87.23720535145466,
    94.26629857719261,
    94.47865788914844,
    95.45551072414526,
    96.32618390316415,
    96.36865576555532,
    96.96326183903165,
    97.94011467402845,
    97.36674453174771,
    98.02505839881078
  ],
  "val_loss": [
    0.22141564396667662,
    0.16949679790844652,
    0.18954887912104737,
    0.09965772941765548,
    0.19561250579060835,
    0.1334237987976913,
    0.0814701496992068,
    0.15800184157479333,
    0.3113621771335602,
    0.07721086355357165
  ],
  "val_acc": [
    85.8508604206501,
    94.45506692160612,
    89.48374760994264,
    95.60229445506691,
    89.8661567877629,
    94.07265774378585,
    97.131931166348,
    94.26386233269598,
    90.82217973231359,
    97.70554493307839
  ]
}