{
  "train_loss": [
    0.29757804550146644,
    0.1572816021871759,
    0.12965318388140462,
    0.1226232760611753,
    0.09714699344641085,
    0.09254794892569995,
    0.09616235315002285,
    0.07358945066013972,
    0.07321658908979076,
    0.05825164701048357
  ],
  "train_acc": [
    89.02102357188363,
    94.22382671480143,
    95.009556169038,
    95.49798258653642,
    96.05011679762157,
    96.81461032066257,
    96.38989169675091,
    97.11191335740072,
    97.40921639413888,
    97.57910384370355
  ],
  "val_loss": [
    0.17238668449237288,
    0.15508688600951126,
    0.1093762217598823,
    0.12344360788197864,
    0.15341651747377152,
    0.11741157471563803,
    0.09929197638457637,
    0.07158065842995225,
    0.15498537819540523,
    0.11615309895623482
  ],
  "val_acc": [
    92.92543021032505,
    94.64627151051626,
    95.60229445506691,
    94.64627151051626,
    94.07265774378585,
    95.21988527724665,
    96.74952198852772,
    97.131931166348,
    94.64627151051626,
    95.79349904397706
  ]
}