{
  "train_loss": [
    0.23160846251341713,
    0.14906353505997172,
    0.12397372566620796,
    0.09448388423616402,
    0.0910461218096118,
    0.08596265825952636,
    0.0787366519728191,
    0.0697940826245138,
    0.07773422763043496,
    0.05611056727027913
  ],
  "train_acc": [
    91.1658526226375,
    94.30877043958378,
    95.20067954979827,
    96.43236355914206,
    96.5173072839244,
    96.85708218305372,
    96.98449777022724,
    97.2605648757698,
    96.89955404544489,
    97.79146315565937
  ],
  "val_loss": [
    0.1918789087643359,
    0.1886286884831197,
    0.12442458388226438,
    0.12049041996152633,
    0.3313587983753212,
    0.07769876282598047,
    0.11941632987436328,
    0.1116332992996814,
    0.22037021015159944,
    0.37991492732305143
  ],
  "val_acc": [
    92.16061185468452,
    94.07265774378585,
    95.02868068833652,
    95.21988527724665,
    89.10133843212236,
    97.131931166348,
    96.5583173996176,
    96.5583173996176,
    92.54302103250478,
    87.38049713193116
  ]
}