{
  "train_loss": [
    1.0041228457964944,
    0.8346760536897098,
    0.7939102139216981,
    0.7708808364410443,
    0.7447445982123301,
    0.7254584932942416,
    0.7069745123477332,
    0.6907761553187429,
    0.6784736005686774,
    0.6703205659710628
  ],
  "train_acc": [
    65.41822721598002,
    69.39936190872521,
    70.23165487584964,
    72.04882785407129,
    71.91011235955057,
    72.68691912886669,
    73.86600083229297,
    73.9492301290054,
    74.64280760160909,
    74.75377999722569
  ],
  "val_loss": [
    0.9754626622956046,
    1.5113433234849376,
    0.9527687629063925,
    1.6185609813635418,
    0.85946666435356,
    0.8826199833224626,
    0.7349915700905332,
    0.85929721065526,
    0.7140831151109808,
    0.7639376033706761
  ],
  "val_acc": [
    64.54431960049938,
    30.836454431960046,
    62.67166042446941,
    47.940074906367045,
    68.16479400749064,
    69.16354556803995,
    73.03370786516854,
    66.541822721598,
    74.53183520599251,
    70.66167290886392
  ]
}