{
  "train_loss": [
    0.9590489837974165,
    0.8632408979448701,
    0.8288202420040347,
    0.7925315949007019,
    0.7636019273164087,
    0.7548397675038773,
    0.7251148520039857,
    0.7019342694538512,
    0.6941919548945745,
    0.6961487620709292
  ],
  "train_acc": [
    65.93147454570676,
    68.52545429324456,
    69.56582050215009,
    70.31488417256207,
    71.61880982105701,
    71.92398390900263,
    72.61756138160632,
    73.92148703010126,
    74.30989041475932,
    74.30989041475932
  ],
  "val_loss": [
    0.9017942522497808,
    0.9782965093962709,
    0.9164489832859063,
    0.9148626113949941,
    1.1871737698639526,
    0.8359602915213795,
    0.8992444261927134,
    0.7888459878021412,
    0.7958058970846635,
    0.7797730029299018
  ],
  "val_acc": [
    69.03870162297129,
    66.541822721598,
    65.29338327091136,
    69.53807740324595,
    55.93008739076155,
    69.66292134831461,
    62.172284644194754,
    70.0374531835206,
    70.16229712858927,
    70.4119850187266
  ]
}