{
  "train_loss": [
    1.00791029516545,
    0.9130239026823294,
    0.8960730889531772,
    0.8783321889433356,
    0.8562468152913361,
    0.8490195114778933,
    0.8296759820444142,
    0.8076100464600732,
    0.8111555264865596,
    0.7858155118987503
  ],
  "train_acc": [
    67.1244277985851,
    68.01220696351783,
    67.95672076570953,
    68.19253710639478,
    68.80288528228603,
    68.58094049105286,
    69.85712304064364,
    69.84325149119157,
    69.67679289776669,
    71.06394784297406
  ],
  "val_loss": [
    1.0100693446717757,
    0.9627901037385252,
    0.8668242838796456,
    1.1172926716143718,
    0.8942254335246282,
    0.8834018915631202,
    1.0280366752775718,
    0.8663835825396239,
    0.8211384731136755,
    0.8120931570747223
  ],
  "val_acc": [
    67.16604244694132,
    67.66541822721598,
    68.78901373283396,
    64.54431960049938,
    67.79026217228464,
    67.41573033707866,
    57.05368289637952,
    68.41448189762797,
    69.03870162297129,
    69.53807740324595
  ]
}