{
  "train_loss": [
    1.0834530349213665,
    0.9288323746671424,
    0.8713041549086785,
    0.8311367961930111,
    0.8170810064936762,
    0.8034643144808624,
    0.7728440525429575,
    0.7691280561125813,
    0.7370605592192551,
    0.7135671707657475
  ],
  "train_acc": [
    66.40310722707726,
    67.45734498543487,
    68.49771119434041,
    69.49646275488972,
    70.86974615064503,
    71.23040643639894,
    71.6742960188653,
    72.00721320571508,
    73.63018449160771,
    74.03245942571786
  ],
  "val_loss": [
    1.316686198803667,
    0.8754802184009671,
    0.8543178059635091,
    0.9018610178605745,
    0.81980814201555,
    0.808913463733616,
    1.065481563930059,
    0.8453138084447339,
    0.9841105321819863,
    0.8314411160948869
  ],
  "val_acc": [
    65.91760299625467,
    66.79151061173533,
    68.66416978776529,
    66.79151061173533,
    70.16229712858927,
    70.16229712858927,
    61.04868913857678,
    67.16604244694132,
    59.05118601747815,
    69.91260923845194
  ]
}