{
  "train_loss": [
    0.9287759879538613,
    0.8310450572778355,
    0.7924117516555209,
    0.7812869342426136,
    0.7305495298294076,
    0.7128296925582044,
    0.7018605957730399,
    0.6928285418212918,
    0.6844191884784497,
    0.6690385356692207
  ],
  "train_acc": [
    66.70828131502289,
    69.27451796365655,
    70.10681093078097,
    69.91260923845194,
    72.86724927174365,
    73.5330836454432,
    73.58856984325149,
    73.86600083229297,
    74.46247745873215,
    74.97572478845888
  ],
  "val_loss": [
    0.8817196624555838,
    0.894370420371995,
    0.956986668553394,
    0.7980101972483518,
    0.9437535338931613,
    1.073295023110922,
    0.7778887450322974,
    0.8400739329435704,
    0.8155673018257865,
    0.7411449637901173
  ],
  "val_acc": [
    66.66666666666666,
    68.03995006242197,
    62.79650436953808,
    69.66292134831461,
    63.29588014981273,
    66.79151061173533,
    71.28589263420724,
    70.91136079900124,
    70.0374531835206,
    73.90761548064918
  ]
}