{
  "train_loss": [
    0.9992063363492365,
    0.8907436435291085,
    0.8470661868779863,
    0.8553526174808809,
    0.8212346778545652,
    0.7876474339499985,
    0.7811256761788363,
    0.7560186701618627,
    0.736667193293588,
    0.714700892978972
  ],
  "train_acc": [
    66.43085032598141,
    67.60993202940769,
    69.48259120543764,
    69.80163684283535,
    70.38424191982244,
    71.54945207379664,
    71.88236926064641,
    72.54820363434595,
    73.4221112498266,
    73.69954223886808
  ],
  "val_loss": [
    1.1142495809571722,
    0.9817909909395987,
    0.858606039659212,
    0.8047472822681051,
    1.095656542072582,
    0.7796671377139145,
    1.24745013413209,
    0.7982171456912037,
    0.7455044814412216,
    0.7832313936747862
  ],
  "val_acc": [
    65.91760299625467,
    66.916354556804,
    67.29088639200998,
    69.91260923845194,
    56.67915106117354,
    71.78526841448189,
    66.41697877652933,
    71.78526841448189,
    72.78401997503121,
    72.65917602996255
  ]
}