{
  "train_loss": [
    0.9835946234639433,
    0.9186300942249248,
    0.8822109859732852,
    0.8614896483949822,
    0.8509472183917296,
    0.8340616843491723,
    0.8161881319162567,
    0.8120552350188578,
    0.7908389903682498,
    0.7867187357656601
  ],
  "train_acc": [
    66.26439173255653,
    67.59606047995561,
    68.22028020529893,
    68.63642668886114,
    69.09418782077958,
    69.5103343043418,
    70.27326952420584,
    70.53682896379524,
    71.00846164516577,
    71.1471771396865
  ],
  "val_loss": [
    0.930757127823157,
    0.9043797529145573,
    0.9135657534765989,
    1.5642695349551616,
    0.8761735063664773,
    1.0307561275961992,
    0.8241335559129417,
    0.8612367059109958,
    0.9435993815480398,
    0.8486860664596272
  ],
  "val_acc": [
    66.41697877652933,
    67.79026217228464,
    68.66416978776529,
    21.22347066167291,
    67.9151061173533,
    62.297128589263416,
    71.78526841448189,
    68.16479400749064,
    67.04119850187266,
    70.28714107365793
  ]
}