{
  "train_loss": [
    1.0361006394522683,
    0.8252449543387802,
    0.7950151442968824,
    0.767177793036752,
    0.7398851082433789,
    0.7284959963694544,
    0.7132878102530619,
    0.7009832177748874,
    0.6891593614205324,
    0.6670552227480234
  ],
  "train_acc": [
    63.54556803995006,
    69.34387571091692,
    70.2455264253017,
    71.42460812872798,
    72.50658898598974,
    72.99209321681232,
    73.89374393119712,
    74.04633097516992,
    74.1711749202386,
    75.41961437092523
  ],
  "val_loss": [
    1.1190723574414534,
    0.8018426083298063,
    0.7904650333073553,
    0.7776346814617533,
    0.7785885314667568,
    0.7598455818404866,
    0.8011002089646871,
    0.754556124427643,
    0.7098520676443788,
    0.7359834838002809
  ],
  "val_acc": [
    59.55056179775281,
    69.91260923845194,
    69.78776529338327,
    73.03370786516854,
    72.03495630461923,
    72.78401997503121,
    71.53558052434457,
    71.66042446941323,
    75.78027465667915,
    71.91011235955057
  ]
}