{
  "train_loss": [
    1.1461950459739545,
    0.5373655816590085,
    0.4071863677710086,
    0.3380871866644183,
    0.3001186626825077,
    0.2744590748064034,
    0.24173744508634204,
    0.2221876085472507,
    0.20752757455873244,
    0.19049448569235009
  ],
  "train_acc": [
    62.54066951051984,
    82.13433591208155,
    85.81447473067746,
    88.26549056467356,
    90.08025450075917,
    90.67312558744848,
    91.93839924806593,
    92.63249222760466,
    92.95784831176343,
    93.63025088569155
  ],
  "val_loss": [
    0.5433789677917957,
    0.3019856798152129,
    0.24844669364392757,
    0.2092202709366878,
    0.22288858083387217,
    0.1227288655936718,
    0.07754068713014324,
    0.2350290541847547,
    0.16388305944080153,
    0.05711369961500168
  ],
  "val_acc": [
    85.9375,
    92.70833333333334,
    93.03385416666666,
    93.5546875,
    92.31770833333334,
    96.35416666666666,
    98.6328125,
    91.6015625,
    95.57291666666666,
    98.6328125
  ]
}