{
  "train_loss": [
    0.6590560109778569,
    0.3020597336105838,
    0.2216108897254469,
    0.1653431454899254,
    0.1495407097907277,
    0.11868214022871057,
    0.10540920365193722,
    0.10380370154309951,
    0.06660247940440023,
    0.09667884559449293
  ],
  "train_acc": [
    77.02263032318704,
    89.51630395488395,
    92.18422384498591,
    94.23758224278794,
    94.67862049020317,
    95.7342202299183,
    96.24032969416528,
    96.37047212782879,
    97.80203889812739,
    96.71751861759816
  ],
  "val_loss": [
    0.8573347255587578,
    0.10139468436439832,
    0.08584943087771535,
    0.05246730369981378,
    0.06809154467191547,
    0.051958385428103306,
    0.1968262018635869,
    0.03282201195058102,
    0.0752122374639536,
    0.029738973961987842
  ],
  "val_acc": [
    68.5546875,
    97.72135416666666,
    97.52604166666666,
    98.30729166666666,
    98.046875,
    98.11197916666666,
    93.22916666666666,
    98.95833333333334,
    97.39583333333334,
    99.08854166666666
  ]
}