{
  "train_loss": [
    1.4209256991846393,
    0.5620930265401193,
    0.3754966869399756,
    0.2799052403937166,
    0.25240654798565826,
    0.21200358626744414,
    0.1826698890442178,
    0.17883491875441954,
    0.16909430679718995,
    0.1523171927020095
  ],
  "train_acc": [
    45.940279083218854,
    79.45195575157256,
    86.37842527655268,
    89.97180247270624,
    91.00571180681078,
    92.25652519702119,
    93.34827561275397,
    93.49287831682453,
    93.9989877810715,
    94.89552454630902
  ],
  "val_loss": [
    0.6175649426877499,
    0.4798090582092603,
    0.2840473176911473,
    0.2628261656500399,
    0.1228506825864315,
    0.4805197411527236,
    0.13999887090176344,
    0.07735425185334559,
    0.10391237239430968,
    0.13353059735770026
  ],
  "val_acc": [
    76.23697916666666,
    84.375,
    90.10416666666666,
    95.18229166666666,
    96.875,
    89.32291666666666,
    95.3125,
    98.37239583333334,
    97.0703125,
    96.74479166666666
  ]
}