{
  "train_loss": [
    0.9359999514481103,
    0.5073610564114586,
    0.42822186351254743,
    0.3040279872517775,
    0.28374450265020984,
    0.25670594695718524,
    0.21712795358686382,
    0.21328756302071536,
    0.1567396948415837,
    0.1591658214626046
  ],
  "train_acc": [
    65.27366061745354,
    80.78230062902176,
    83.96356011857422,
    88.39563299833706,
    89.07526570746873,
    89.71874774058276,
    92.53850046995879,
    92.95061817655991,
    94.77984238305255,
    94.96782589834429
  ],
  "val_loss": [
    0.534372128546238,
    0.407474164540569,
    0.2469400887688001,
    0.17564939428120852,
    0.16067797799284259,
    0.12436950455109279,
    0.2882515008871754,
    0.11365247089027737,
    0.18819043164451918,
    0.07347326442444076
  ],
  "val_acc": [
    79.16666666666666,
    87.36979166666666,
    92.25260416666666,
    94.140625,
    92.83854166666666,
    95.57291666666666,
    94.3359375,
    97.78645833333334,
    96.2890625,
    98.11197916666666
  ]
}