{
  "train_loss": [
    0.8354680247803622,
    0.48884830445505845,
    0.4056786650579118,
    0.3390206009608513,
    0.2981214672337815,
    0.26392062157273993,
    0.23477298798103255,
    0.21350352885053434,
    0.18651973948086814,
    0.17637458052985813
  ],
  "train_acc": [
    69.11286241052707,
    80.17496927192539,
    83.6020533583978,
    87.10866893210904,
    88.34502205191237,
    89.57414503651219,
    90.21039693442268,
    91.25876653893428,
    93.18921263827633,
    94.17974116115971
  ],
  "val_loss": [
    0.38321780661741894,
    0.38967754940191907,
    0.3889862932264805,
    0.30514858694126207,
    0.19574522910018763,
    0.16188108020772538,
    0.13779395484986404,
    0.17762022054133317,
    0.08044015934380393,
    0.0694543949891037
  ],
  "val_acc": [
    84.5703125,
    84.04947916666666,
    84.89583333333334,
    90.625,
    91.53645833333334,
    93.9453125,
    94.66145833333334,
    93.88020833333334,
    98.17708333333334,
    98.046875
  ]
}