{
  "train_loss": [
    1.1397013736989905,
    0.5185942541953066,
    0.3821551727342309,
    0.3213741298904733,
    0.278994190415801,
    0.25347914798025645,
    0.2226178374179971,
    0.20569634006611395,
    0.21394891300960578,
    0.17569387203316636
  ],
  "train_acc": [
    62.76480370182922,
    83.47191092473429,
    87.10143879690551,
    89.15479719470754,
    90.6008242354132,
    91.54074181187188,
    92.58911141638349,
    93.01568939339165,
    92.92892777094931,
    94.07128913310679
  ],
  "val_loss": [
    0.5422015512983004,
    0.23053551030655703,
    0.20843884504089752,
    0.16640671653052172,
    0.0929153870480756,
    0.2925257893900077,
    0.08808332588523626,
    0.6710495464503765,
    0.1344008220670124,
    0.03826029043799887
  ],
  "val_acc": [
    82.421875,
    96.22395833333334,
    92.90364583333334,
    96.35416666666666,
    98.30729166666666,
    90.95052083333334,
    96.6796875,
    83.26822916666666,
    95.83333333333334,
    99.21875
  ]
}