{
  "train_loss": [
    1.440029950479685,
    0.6106492982201338,
    0.44441027644226844,
    0.3604171636538809,
    0.34282550288282276,
    0.2723677768564243,
    0.23284436540501588,
    0.21543203844061196,
    0.2426048040656126,
    0.18657209833936078
  ],
  "train_acc": [
    46.07042151688236,
    77.3190658665317,
    83.37791916708842,
    86.95683609283493,
    87.95459475092184,
    90.3188489624756,
    91.80825681440243,
    92.46619911792351,
    91.38167883739426,
    93.25428385510808
  ],
  "val_loss": [
    0.4985846132040024,
    0.8105074291427931,
    0.2538385158404708,
    0.6879209925731024,
    0.2103120433166623,
    0.21194068854674697,
    0.09083314135205,
    0.419971477240324,
    0.5424821643779675,
    0.14901486753175655
  ],
  "val_acc": [
    83.72395833333334,
    74.08854166666666,
    91.27604166666666,
    82.48697916666666,
    93.03385416666666,
    94.20572916666666,
    97.59114583333334,
    88.41145833333334,
    84.83072916666666,
    96.02864583333334
  ]
}