{
  "train_loss": [
    0.6937927954859385,
    0.3255136655092101,
    0.21223366368212107,
    0.16864188540896316,
    0.1620283289018952,
    0.1321688827452316,
    0.14220649091249846,
    0.09479049675359996,
    0.07824592255785826,
    0.07162150462014531
  ],
  "train_acc": [
    75.1211047646591,
    88.46070421516883,
    92.4878895235341,
    93.94114669944328,
    94.25927264839854,
    95.33656279372424,
    94.96782589834429,
    96.79705010483696,
    97.20193767623455,
    97.54175403080038
  ],
  "val_loss": [
    0.2967814188450575,
    0.2719279769808054,
    0.07823648295986156,
    0.1152847371995449,
    0.8302544603745142,
    0.062337414225718625,
    0.048725496395491064,
    0.06791012932080775,
    0.06197501309604073,
    0.051475416170433164
  ],
  "val_acc": [
    91.27604166666666,
    89.97395833333334,
    97.39583333333334,
    97.13541666666666,
    79.8828125,
    97.8515625,
    98.37239583333334,
    98.30729166666666,
    98.11197916666666,
    98.046875
  ]
}